name;gender
Debra Strother;F
Jackeline Willoughby;F
Valerie Fontenette;F
Ina Riley;F
Carl Whitaker;M
Jamie Rowan;F
William Peterson;M
Edna Martin;F
Tammy Askew;F
Freddie Kitamura;M
Gary Ward;M
Jose Saad;M
Otto Lara;M
Arlene Johnson;F
Shaun Jones;M
Reyes Conn;M
Mark Mcmahon;M
Isabelle Frame;F
Thad Campbell;M
Frankie Duty;F
Lasandra Thompson;F
Michael Flowers;M
Patricia Mcwaters;F
Bonnie Wagner;F
Jennifer Hallman;F
Donnie Kile;M
Agnes King;F
Jason Poe;M
Jose Milone;M
Lena Rogers;F
Ryan Lutz;M
Bruce Griffin;M
Crystal David;F
Jermaine Steiner;M
Jonathan Williams;M
James Adkins;M
Mary Yokota;F
Carolyn Douglas;F
Mary Buckner;F
Erin Buczek;F
Betsy Tyrrell;F
Samuel Cooper;M
William Ramos;M
Ann Champion;F
Ronnie Parson;M
George Coffey;M
Charles Burt;M
Aaron Brewer;M
Elizabeth Thompson;F
Catherine Lecompte;F
Aaron Beringer;M
Laura Poirrier;F
Sandra Furman;F
Robert Mistretta;M
Gail Baker;F
Henry Walls;M
Eva Worley;F
Edwin Vandamme;M
Gwen Price;F
Justin Golden;M
Effie Cooper;F
Patricia Baker;F
Pamela Cochran;F
Lynn Morris;M
Joel Wolf;M
Doris Hanson;F
Arden Conrad;M
Johnny Larsen;M
Jonathan Shelton;M
Son Thompson;M
Lupe Brown;F
Bonnie Shepard;F
Jesse Miller;M
Kenneth Marshall;M
William Clary;M
Mark Neal;M
Charles Valencia;M
Molly Mcateer;F
Elaine Rounds;F
Eli Larose;M
Eric Anderson;M
Joe Rinehart;M
Michael Savage;M
Blanca Jones;F
Madeline Swartz;F
Paul Holmes;M
Ken Laney;M
Bettye Herbert;F
Douglas Wheeler;M
Irma Morrill;F
Mary Gann;F
Todd Cole;M
Jeremy Hogan;M
Gloria Wynder;F
William Cota;M
Jean White;F
James Kopple;M
Cornelius Bailey;M
Nina Clifford;F
Claudia Combee;F
Lauren Schmitz;F
George Jung;M
Diana Thompson;F
Robert Buzbee;M
Heather Mcneil;F
Stanley Saxbury;M
Barbara Carualho;F
Harry Brent;M
Roy Potter;M
Rosina Robinson;F
Sonia Gay;F
Jack Nolan;M
David Vaughan;M
Thomas Lokke;M
Veronica Davis;F
Gerardo Haney;M
Margaret Holmes;F
Robert Pasion;M
Marc Lopez;M
Jorge Laris;M
Rosemary Wolff;F
Noemi Bailey;F
John Lee;M
Barbara Whitecotton;F
Beverly Trout;F
Tammy Castillo;F
April Bonnet;F
Christine Edwards;F
Arthur Martinez;M
Sarah Anderson;F
Aaron Mason;M
Joshua Key;M
Marie Thoms;F
Chris Summer;F
Doris Wittner;F
Keeley Hayes;F
Jimmy Dickinson;M
Kevin Mills;M
Dana Lutz;F
Martha Fennimore;F
Jacob Spencer;M
Kimberly Saurel;F
Carrol Anderson;F
Amelia Calvert;F
Caroline Warner;F
Edward Ward;M
Emma Klish;F
Mark Farner;M
Charles Araujo;M
Jacquline Tobias;F
James Lares;M
Margaret Denham;F
Shayla Colton;F
Isaias Spice;M
Lee Thompson;F
Marianna Christian;F
Raul Holmes;M
Willie Russell;M
Kay Elkin;F
Virginia Caudle;F
Edna Pointer;F
Jennie Coon;F
Stanley White;M
Shawn Howard;M
Eldora Pearson;F
Connie Barlow;F
Abraham Turner;M
Kimberly Wright;F
Lela Foster;F
William Mosely;M
Claire Keirnan;F
Melva Merrill;F
Merry Hansen;F
Stephanie Worthy;F
George Green;M
Amy Pinc;F
Janet Forest;F
Janie Nwachukwu;F
Mark Costa;M
Daniel Dominquez;M
Mary Jackson;F
Jennifer Landry;F
Robin Samaroo;M
Kyle Ortiz;M
Maria Fields;F
Harry Walser;M
Barry Dunkel;M
Tammy Kesler;F
Charlotte Brown;F
Terrell Martinez;M
William Harris;M
Leslie Neal;M
Martin Sutherland;M
Andrew Marshall;M
Sara Clark;F
Doris Ruiz;F
Robert Barbagallo;M
Kathleen Hills;F
Fannie Quinn;F
Karen Young;F
Matt Wright;M
Darren Watt;M
Richard Wray;M
Nicholas Dietz;M
Elizabeth Williams;F
Jeffrey Dickerson;M
Ronald Knight;M
William Giardina;M
Walter Aman;M
Tim Detrick;M
Vicki Hockenberry;F
Teresa Daniels;F
Linda Sims;F
Ashley Bozeman;F
Leonard Epps;M
Mary Kinsey;F
David Deleon;M
Joe Baker;M
Jorge Martinez;M
Phillip Deer;M
Meghan Collins;F
Robert Crawford;M
Sharon Lenart;F
Kelli Lucas;F
Gloria Shaw;F
Joe Harris;M
Marinda Hoover;F
Carl Cox;M
Diane Thorp;F
Dwight Pirman;M
Maria Thorpe;F
Linda Clarke;F
Christopher Stafford;M
Christina Smyer;F
George Bateman;M
Marie Moss;F
Cynthia Weber;F
Cathy Cormier;F
Ronald Ferguson;M
Marsha Hilton;F
Russel Zak;M
Karen Person;F
Ethel Slife;F
Ruby Dowden;F
Daniel Thome;M
Thomas Hinson;M
Daniel Baker;M
Olga Pelletier;F
Marianne Jones;F
Lisa Davis;F
Samantha Robertson;F
Cathy Infante;F
Tessie Litwin;F
Richard Fong;M
Marilyn Olson;F
Sabrina Arango;F
Marlene Chastain;F
Harry Fink;M
Hugh Morales;M
Marty Abild;M
Martha Cyr;F
Paul Lamper;M
Jennifer Dickerson;F
Shawna Cairns;F
Betty Minjarez;F
Paul Bui;M
Christina Kloepper;F
Mary Castro;F
Katherine Dage;F
Keisha Wynne;F
Michael Mann;M
Marcella Castle;F
Lori Christy;F
Vella Whitting;F
Flor Seymore;F
Debra Wilson;F
Kurt Leone;M
Donnie Frazier;M
Gerald Duncan;M
Kimberly Walker;F
Amber Knight;F
Aimee Alesci;F
John Lewis;M
Georgia Jordan;F
John Woods;M
Jessica Smith;F
Beatrice Graves;F
Wendy Robinson;F
Kirk Gonzalez;M
James Fitzhugh;M
Lola Bird;F
Chad Hall;M
Arthur Stickley;M
Willie Harris;M
Allegra Britt;F
Robin Rosado;F
Dave Barley;M
Walter Dorgan;M
Sharon Jones;F
Robert Nabors;M
