RsdxAfZ0@N1X4.com; Kimberly Taylor; Emily Fernandez; Celina Palomo
6RDUiDzu@voqj.com; Joann Marquis; Beatrice Graves; Kathleen Daggett; Shannon Brassil; Patricia Mcwaters; Cathy Sullivan; Venice Higginbotham; Marie Moss
FYGnVos6@7f5O.com; Edna Martin; Wendy Mcelhaney; Ruby Dowden
ZR405muM@BYAm.com; Betty Ahrens; Linda Stroupe; Andrea Sandefur; Mary Spencer; Lesley Perry; Vella Reynolds; Sharon Lenart; Melissa Hamm
ARhTdWP0@TveA.com; Rhonda Grimes; Andree Fraise; Janie Nwachukwu; Myrtle Spriggs
6SIjs7Ig@CnKU.com; Megan Richards; Rhea Julian; Melissa Dawson; Cheryl Enright; Katherine Thomas
inOhxZAU@nxWM.com; Gail Baker; Sarah Godeaux; Veronica Coleman
IUpu2zH8@hHpI.com; Connie Barlow; Shirley Haworth; Marlene Chastain; Jennifer Landry
PIdPTQL1@LDRl.com; Antoinette Jamison; Linda Garcia; Gloria Shaw; Ernestine Zubia; Keisha Wynne; Katherine Newton; Sabrina Arango
WLxqTOvr@SoKG.com; Gladys Davila; Ruby Vent; Amy Pinc; Janet Randle; Nancy Smith; Dora Crawford; Ina Riley; Carol Dingess
RcQRicbO@jQdf.com; Beverly Trout; Eva Worley
snrw3GEy@dYAA.com; Priscilla Ward; Frankie Duty; Lisa Moss; Gertrude Gordon
gb2lOJ4e@M6M0.com; Roselyn Cowan; Sonia Salzmann; Lisa Dail; Jennifer Offerdahl; Margaret Corrales; Linda Clarke; Kimberly Walker; Marian Watts
6DtuHBfb@Un2o.com; Katia Calvo; Janet Wizar
jrT3IV9U@Gryz.com; Patricia Colon; Eleanor Herman; Erin Hargis; Rita Enoch; Jamie Johnson; Olga Pelletier; Molly Mcateer; Lola Bird
UD7uXerU@C9hi.com; Edna Collyer; Shirley Swearingen; Melissa Jennins
gODQG4fL@0w6j.com; Crystal David; Melissa Ortiz; Rosina Robinson; Melissa Chavez; Suzanne Banks; Louise Hill
xbvwaVMw@Q44c.com; Rebecca Pimentel; Carrol Anderson; Rachel Walker; Jessica Smith; Melissa Foster
TefvdGsr@oxJD.com; Barbara Carualho; Doris Ruiz; Elizabeth Bender; Marcia Boyer; Mary Mcelroy; Stephanie Gleason; Jennie Coon
TRom2J4m@PvD7.com; Janet Legere; Agnes King; Sindy Kowalski; Jolene Woods; Lacey Wilson; Stephanie Worthy
gXEXhN0f@iwzg.com; Debra Wilson; June Thigpen
Gyx78Val@Grrm.com; Kristin Zamudio; Joanna Reyes; Erin Buczek; Janet Zeigler
lsZuGGRV@aSPy.com; Gail Gordon; Patricia Glover; Santos Payne
8gfKZnQP@W2GS.com; Jean White; Jeannette Williams; Kimberly Wright; Carol Howard; Arlene Tyler; Wendy Peterson; Marianna Christian; Sarah Anderson
uk5QM0Wi@bsOI.com; Ella Oliver; Juanita Johnson; Dana Lutz; Shayla Colton; Georgia Jordan; Amy Fender; Marylou Dalton; Barbara Piccinini
U7RQUU6R@oJRx.com; Lee Thompson; Lynn Wesley; Lauren Schmitz; Mary French; Heather Stone
MZNVpcvu@0mVw.com; Sandra Johnson; Robin Kaufman; Flor Seymore; Carmen Delano
o6sV5Etv@GlH2.com; Jessica Whiteside; Bonnie Shepard; Melissa Toney; Leslie Pickell
6CPDONOk@5Uql.com; Kelli Lucas; Gretchen Monigold; Wilma Carroll
baKBw93x@1Hoe.com; Lisa Davis; Cynthia Weber; Mary Holmes; Heather Rhea; Barbara Ferguson; Karen Goodson; Diane Thorp
jjhpsORf@dzV6.com; Suzette Smith; Evelyn Shores
22XhmsGR@4kJA.com; Kathryn Lipe; Christina Kloepper
epcD94De@rlT8.com; Helen Nelson; Samantha Robertson; Carol Pollick; Angelina Marcus; Martha Cyr; Jessica Dewick; Tiffany Michelotti
HUUGvn2L@MvrK.com; Ashley Bozeman; Marilyn Olson; Ellen Cook; Mary Gann; Vickie Solesbee; Ariel Bello; Joni Smith
Gzd7zdR7@9RPD.com; Sandra North; Vicki Frost; Susan Gusman; Nettie Sproull; Helen Stump; Sima Hutcheson
HxxtUt7d@ucVT.com; Janet Forest; Ella Horton; Tracy Mills; Claudia Combee; Kay Elkin
4VsgiYvK@uhSf.com; Kathleen Hills; Kathryn Evans; Morgan Pagan; Elaine Rounds
eeQVLOHX@gbvI.com; Margaret Holmes; Wanda Meyer; Diana Thompson
zINgulOH@FAfd.com; Meghan Collins; Mary Hall
fqKhEqXW@ho3b.com; Jennifer Turner; Rochelle Rodriguez
U52QwpFB@A8LA.com; Judith Wells; Juanita Forster; Taisha Rogers; Debra Strother
gcfl5sGa@PF13.com; Betsy Rodriquez; Amber Knight; Tanya Scott; Keeley Hayes; Maria Sampson; Maren Wilcox; Dorothy Schmitz; Gail Dodson
jeotUrcN@6vbH.com; Pamela Flynn; Shirley Shepherd; Claire Keirnan
LD7NN87w@L4R5.com; Lori Himes; Allegra Britt; Doris Douglas
ZhzvFMgA@aSoP.com; Ashley Frazier; Pearl Vickers; Debbie Reagan
yIWP4Wz8@WtQl.com; Adriana Coy; Suzanne Boone; Valerie Fontenette; Sandra Labianca; Marybeth Radke
zknPfj0n@Xi6e.com; Clara Neal; Mary Davis; Anita Brown; Norma Lyle; Melva Merrill; Karen Person
ZON1zrrw@JQJW.com; Regina Hall; Magdalena Simonds; Karen Sensabaugh
t6G7GVRd@howb.com; Erika Mccreight; Margaret Denham; Bobbie Nelson; Monica Jemison; Aimee Alesci; Miriam Williams; Christina Smyer
7MrLibeN@sxbY.com; Jessica Braxton; Ruth Tatum; Barbara Obrien; Tammy Castillo; Loraine Caskey; Patricia Baker; Lupe Brown
56Ai7HJX@QDp4.com; Paula Carovski; Janice Siefert; Barbara Whitecotton; Rosalva Burford; Lela Foster; Mary Tinkler; Heather Mcneil; Eileen Rodrigue
TupqLMyj@KsKm.com; Elizabeth Birchler; Arlene Johnson; Mary Hensley; Heather Murtagh; Gwendolyn Hopkins; Karin Cromer
p6OzXzWY@P3Y6.com; Barbara Bowden; Jenifer Bostic; Elizabeth Williams; Mia Christianson; Pamela Land
lzxNo5RC@2O88.com; Julie Gutierrez; Mary Diego; Jean Mcphatter
Jwb45oqw@Cfxl.com; Julie Boyer; Megan Loatman; Rebecca Morlan; Marie Thoms; Debbie Walsh; Betty Minjarez; Marianne Dawkins; Hazel Schinke
BH2GOPTU@7RTm.com; Bernice Eddins; Robin Ralph; Carol Veenstra
35FwGTP2@bWU1.com; Morgan Hopkins; Margorie Cobham; Hilary Johnston; Shannon Graham; Jane Overstreet; Nina Clifford; Viola Hollis; Mildred Bello
frR5SHas@iDDv.com; Jessica Levitz; Patricia Mooney; Carolyn Douglas; Alicia Layton
i4FxKK8U@ugiB.com; Barbara Rundell; Lisa Pina
dxnVr3nW@gmhr.com; Carmen Rodriguez; Pamela Cochran; Doris Hanson; Amy Bateman; Alexis Haynes; Therese Vincent
3Kcf02NV@bg3f.com; Emma Fletcher; Gwen Price; Betsy Tyrrell; Noelle Huff; Marianne Foss; Michelle Dehaven; Louise Hankins; Linda Combs
z8bjaZ9H@Yq9h.com; Monica Jones; Cynthia Sliter; Tommie Mischke; Graciela Merrick; Ann Champion; Maria Frederick; Mercedes Paul; Louise Pearson
rQiu9M4T@hTs2.com; John Aran; Shane Wick; Thomas Crowley; Christopher Thomas; Eric Mowers; Alberto Rush
6uz0R72s@vRx8.com; Eugene Cook; Daniel Negrete; James Adkins; Michael Flowers; Thomas Brewster; Lawrence Harker
DsTfxJMm@AIlX.com; Dale Sena; James Westmark
oumSjrqr@pqCE.com; Nathaniel Payne; Charles West; Samuel Cooper
ohIeXn35@PyZL.com; Robert Stavnes; Walter Dorgan
tTCJdYRh@PZk7.com; Marcelo Thomas; Russell Macqueen; Lorenzo Moreno; James Yoshida
gXp8qo0k@WgLb.com; Andrew Graham; Humberto Menendez; Thomas Kaplan; Jamie Stoffregen; Dwight Pirman
J8vnzSsh@8LNa.com; Nathan Goris; Denis Wallace; Robert Romero; Jimmy Dickinson; Charles Wilde; Luis Wade; Ronald Knight; Marcus Minter
Hl9bCc5j@48M6.com; Marion Parker; Mike Jackson; Isaias Spice
uqcOOT2k@dqZH.com; Paul Bui; Thomas Miller; Justin Turner; Michael Hillsgrove; Steve Hall
H6wfgy3P@21PD.com; Charles Valencia; James Kopple; Jonathan Williams; Jason Woodside; Danny Wilt; John Lewis
CpRPEb5Q@W8ld.com; Sergio Cooper; Michael Wiggins; Marcus Kelly
Rh73oEZK@dDhB.com; David Burke; Ulysses Furman; David Vaughan; Jorge Laris
5DEZ5dfy@kFB9.com; Edward Ward; Donte Westfall; Michael Jaynes; Marcus Sharkey
2Sk0lDbK@b48y.com; Harry Brent; Dale Barrows
Fs97VZgS@IcUH.com; Victor Starks; Russel Zak; Harry Walser; Elton Woodard
7SOjS6iJ@BFEj.com; Bruce Griffin; Lee Handley; Thomas Lokke; Daniel Talarico; Thomas Hinson; John Deforest
QI2zxdxv@Fyom.com; Dennis Hem; Robert Barbagallo; Willie Harris; Wally Montgomery; Jerry Peitz
Axj8eABa@c9wi.com; Arthur Martinez; Richard Whitmore; Mark Farner; William Desposito
Q56qR12h@aFHz.com; John Schmitt; Santo Hooker; James Southwick
giJuQWJz@H2WU.com; Dale Henry; Dylan Lamar; Dewey Battis; Michael Colwell
RNfGktqX@Dr5s.com; Timothy Romero; James Fitzhugh; Robert Singleton; Ricardo Notti; Tony Roberts; Henry Walls
t7bNVqeJ@4joA.com; Jarrod Patrick; Kip Martinez
isS6UXki@mHyq.com; Raymond Herring; Jared Veith; Carl Cox; Richard Fong; Rudolph Schmidtke; James Hernanez; Mark Stalnaker
GxeHMY6d@zhTr.com; Stan Swainston; Philip Rash; James Ruffin; George Bateman
LvvyrR3M@sPUA.com; Kenneth Fu; Johnathan Simpson; Todd Cole; Jessie Mariani
GzTpAW0V@SgDY.com; Gilbert Peak; Donnie Frazier; Raymon Sadan; David Kees; Matthew Richards; Daniel Dominquez; Gerald Duncan; James Freese
OKfkDAWe@uHps.com; William Parker; Earl Mendoza; William Davis; Joel Wolf; William Clary; Randal Alessi; Eric Anderson; Jason Poe
5UYrc1Vt@QfbQ.com; Jessie Murray; Douglas Shockley; Jesus Patten; Marty Abild; Michael Holman
VN8foRni@DeDe.com; Michael Walker; Casey Mendoza; Carlos Aguilar; Robert Wright; Randy Freeman; Vincent Higgins; Thomas Horwath
tEwKwd1q@xv2q.com; Frederick Roth; Ronnie Parson; Mike Smith; Kevin Riley; Jamel Joyce; John Stanford; Charles Araujo
qWilNhiq@j97t.com; Phillip Ezell; Dennis Flinn; Thad Campbell; Leonard Kozan; Chad Hall; Jeffrey Dickerson; Walter Miller; Stephen Montiel
QtuOYK4D@LjE6.com; Darren Seay; Joseph Swick; Michael Burke; Leslie Neal; Patrick Rangel; Jeffrey Pires
w8nD60oc@DBLn.com; Christopher Smith; Vincent Mcauley; Cliff Waters; Andrew Lysak
dlTgdAjE@LyYN.com; Anthony Ebeling; Jonathan Price; Bert Goldman; Marc Lopez; Dante Santos; Jimmie Wood; Clyde Moreno
v3TtW2C4@jtvO.com; Donald Walker; John Weaver; Willie Kraus; John Buchner; Armando Doerr; Lonnie Mason; Edwin Vandamme
B8imzhVl@IoBo.com; Tim Detrick; Jefferson Schulz; Paul Flagg; Randall Hickey; James Lares; Roy Potter; Adrian Schrecongost
TlcUT4Hw@kX1B.com; Chris Leach; Michael Horn; Barry Ramon
x0K15gUp@PvC6.com; Francisco Davila; Jose Milone; Patrick Hathaway; Van Hughes; Jeff Ripley
GnKkfwO7@NjGl.com; Howard Busby; Raul Holmes; Charles Purvis; James Bradley; Mark Mcmahon; Terrell Martinez; Kenneth Yarboro; Timothy Berg
ukNOt7Vq@iqOK.com; George Watson; Joseph Hyatt; Martin Osborn
AcdeEHmB@Y1OH.com; William Rowell; Shaun Jones; Luther Stephens; Matthew Garcia
hxgImRx6@h5Th.com; Richard Villa; Billie Guynn; Aaron Mason
iIb0ZxxK@HXRl.com; Cornelius Bailey; Daniel Griffin
7kGXfMPU@xLZg.com; Michael Roberts; Alfonso Atkins; Raymond Monroe; Joe Baker; George Coffey; Michael Ward; Michael Budge; Daniel Baker
gvpbJFok@cBlb.com; Thomas Campbell; Terry Stone; Richard Dodge; Paul Holmes; John Lee; Scott Andrews; Steven Schwart
bJuLCfVL@jUcf.com; Chris Apodaca; Robert Sampogna; Lawrence Ball; Curtis Henry
iugxzuEl@hkOp.com; Ernest Hoffman; Harold Kent; Kyle Ortiz
3Fj2iVPH@55BA.com; Ross Bearden; Robert Crawford; Antonio Wiseman; David Reed; Thomas Brand
x7liGmhP@7KjB.com; Timothy Carrington; Gregory Nunez; Robert Buzbee; Frederick Abramson
ZCIrQHbu@hqP9.com; Scott Kosloski; Jeffery Hardy; John Maynard; Jason Wendler
I2aS4RCE@XqbW.com; Martin Sutherland; Jacob Randle; Charles Goins; Tony Smith; Johnny Larsen
iSO6Bfzs@xl8z.com; Jose Jackson; Robert Schoonover; Jeffrey Maco; Karl Dutton; Joe Harris; John Hodge; Robert Hanson
9XvqdfsN@d44T.com; Herbert Hatley; Miguel Mccombs; Chase Tucker; Richard Wray; William Harris; Kurt Leone; William Walton; Abraham Turner
z2IU3SWe@UvHJ.com; Robert Lara; Jeremy Hogan; Willie Russell
fRkHfWHq@abgH.com; Jeremy Dye; Peter Poole; Kirk Gonzalez; Brian Holder
JQjBFqKx@BiBQ.com; Darrell Brown; Michael Witherspoon; Blake Jones
1rQ8B5wO@wrXh.com; Joshua Downin; Jose Holman; Fred Caravella; Clinton Davis; Rogelio Steigerwalt; Matthew Strayer; John Authement; Jorge Martinez
gjcWIkKL@Kl3w.com; Keith Taylor; Roy Drew; Hugh Morales; William Mosely; Kevin Mills; Ralph Perdue; Joseph Owens; Michael Wilson
QmfqmsPm@ytZH.com; Daniel Thome; Scotty Elizalde; Randy Needham
UmmEsKvJ@g4e3.com; Edward Seifert; Paul Lamper; William Giardina; Scott Beale; Michael Sheehan; Luke Mori
CxkybGVJ@8ad8.com; Courtney Rascon; Justin Jordan; Steve Matier; Darren Watt; Ricardo Pearce; William Niebaum; Erik Long
